date,total_pnl,close_trades,traders,volume,avg_roi,short_share,classification,value,prev_classification,transition
2023-12-14,-205.43473700000007,6,1,76736.39,-0.003798190763310495,0.6666666666666666,Greed,72,,Start -> Greed
2023-12-15,-24.632033999999997,2,1,10609.95,-0.0023215977701318983,0.0,Greed,70,Greed,Greed -> Greed
2023-12-17,304.982785,11,1,65965.81,0.005164576723352136,1.0,Greed,73,Greed,Greed -> Greed
2023-12-19,1000.5386120000001,10,1,61883.49,0.011487622521031849,1.0,Greed,73,Greed,Greed -> Greed
2023-12-20,162.732282,8,1,70899.75,0.0027030900304414653,1.0,Greed,74,Greed,Greed -> Greed
2023-12-21,537.211402,27,1,62885.57,0.008470577857818089,1.0,Greed,70,Greed,Greed -> Greed
2023-12-22,141.832675,2,1,29678.96,0.004797835854681066,1.0,Greed,74,Greed,Greed -> Greed
2023-12-23,146.936704,8,1,54121.63,0.0028499474222287158,1.0,Greed,70,Greed,Greed -> Greed
2023-12-24,1008.619956,17,1,201977.83000000002,0.01039538023011123,0.8235294117647058,Greed,71,Greed,Greed -> Greed
2023-12-25,-245.081348,1,1,29851.65,-0.008209976600958405,1.0,Greed,73,Greed,Greed -> Greed
2023-12-27,-704.8892269999999,13,1,85353.04000000001,-0.007293485247889078,1.0,Greed,73,Greed,Greed -> Greed
2023-12-28,-970.730876,13,1,49573.24,-0.02052413199154279,1.0,Greed,73,Greed,Greed -> Greed
2023-12-29,508.92214299999995,20,1,260094.44,0.003067133809702986,0.65,Greed,65,Greed,Greed -> Greed
2023-12-30,354.998648,33,1,376806.2,0.003231082336129158,0.7272727272727273,Greed,68,Greed,Greed -> Greed
2024-01-01,-129.53146,6,1,131773.19,-0.0040627626046967295,0.8333333333333334,Greed,65,Greed,Greed -> Greed
2024-01-02,783.979116,9,1,60282.32000000001,0.11032374497644483,0.0,Greed,71,Greed,Greed -> Greed
2024-01-03,866.015507,35,1,197682.46,0.00458972603770749,1.0,Greed,70,Greed,Greed -> Greed
2024-01-04,-67.60364,3,1,49862.47,-0.0013415016741680594,1.0,Greed,68,Greed,Greed -> Greed
2024-01-05,164.141565,23,1,852142.31,0.0003194803601454704,0.7391304347826086,Greed,72,Greed,Greed -> Greed
2024-01-06,135.58166400000002,12,1,149457.71,0.001991687556034158,0.8333333333333334,Greed,70,Greed,Greed -> Greed
2024-01-07,-835.681235,37,1,450784.62,-0.0038432713419092653,0.8648648648648649,Greed,71,Greed,Greed -> Greed
2024-01-08,-269.874439,67,1,833741.07,-0.002133774608573198,0.8059701492537313,Greed,71,Greed,Greed -> Greed
2024-01-09,-826.349863,28,1,385065.17,-0.0044284607544018365,0.8928571428571429,Extreme Greed,76,Greed,Greed -> Extreme Greed
2024-01-10,-1517.091342,83,1,1080072.8,0.002544767889032967,0.5662650602409639,Greed,73,Extreme Greed,Extreme Greed -> Greed
2024-01-11,-164.08950099999998,9,1,129207.69,-0.0012725474563500415,0.4444444444444444,Extreme Greed,76,Greed,Greed -> Extreme Greed
2024-01-12,-1925.519024,2,1,98078.63,-0.019916700903569003,1.0,Greed,71,Extreme Greed,Extreme Greed -> Greed
2024-01-15,152.85358,9,1,629.86,0.24271381627687363,1.0,Neutral,52,Greed,Greed -> Neutral
2024-01-16,-2299.171458,5,2,95840.25,-0.01145252499929362,1.0,Greed,64,Neutral,Neutral -> Greed
2024-01-17,813.2741110000001,19,1,400854.83,0.0016375051062024193,0.42105263157894735,Greed,60,Greed,Greed -> Greed
2024-01-18,68.93319,9,1,199610.48,-0.0003157185818177442,0.6666666666666666,Greed,63,Greed,Greed -> Greed
2024-01-19,-385.419235,27,2,225667.81,-0.0012706951442697013,0.48148148148148145,Neutral,51,Greed,Greed -> Neutral
2024-01-20,-146.57487000000003,32,1,505258.83999999997,0.0027755424521425528,0.53125,Neutral,52,Neutral,Neutral -> Neutral
2024-01-21,266.58114600000005,5,1,3130.1,0.004445803806939907,0.6,Greed,56,Neutral,Neutral -> Greed
2024-01-22,1375.640959,41,2,132543.34,0.013742423480514068,0.4878048780487805,Greed,55,Greed,Greed -> Greed
2024-01-23,-369.2447299999998,20,1,201970.69,0.03673827522388496,0.35,Neutral,50,Greed,Greed -> Neutral
2024-01-24,-2808.353815,40,1,562612.83,-0.00826626713034178,0.675,Neutral,48,Neutral,Neutral -> Neutral
2024-01-25,-3093.6293849999997,6,1,66566.13,-0.04647121389080316,1.0,Neutral,52,Neutral,Neutral -> Neutral
2024-01-26,90.2,1,1,4673.0,0.01930237534774235,1.0,Neutral,49,Neutral,Neutral -> Neutral
2024-01-28,-2478.06972,11,1,18109.03,-0.13684163700306742,1.0,Neutral,54,Neutral,Neutral -> Neutral
2024-01-29,486.562542,45,2,206933.4,0.027464785878681605,0.7777777777777778,Greed,55,Neutral,Neutral -> Greed
2024-01-30,-173.65419100000003,19,1,200994.94,-0.0038330125522254895,0.2631578947368421,Greed,61,Greed,Greed -> Greed
2024-01-31,-799.840817,436,1,3156879.95,0.0010316831795873914,0.43119266055045874,Greed,60,Greed,Greed -> Greed
2024-02-02,456.423473,21,1,238330.11,0.04444628804593454,0.7142857142857143,Greed,63,Greed,Greed -> Greed
2024-02-03,223.30918699999998,12,1,200879.81,0.0002101274419555614,0.5,Greed,60,Greed,Greed -> Greed
2024-02-04,47.62389499999999,28,1,202187.55,-0.013872239996057878,0.5714285714285714,Greed,60,Greed,Greed -> Greed
2024-02-05,-33.45419400000003,32,1,385192.73,-0.0014193174578070384,0.71875,Greed,60,Greed,Greed -> Greed
2024-02-06,-215.615907,523,1,4195712.78,-0.00027178448631796524,0.5124282982791587,Greed,64,Greed,Greed -> Greed
2024-02-07,241.24212,2,1,1758.75,0.13620809160486366,0.0,Greed,62,Greed,Greed -> Greed
2024-02-08,770.756024,4,1,13051.52,0.054691968000842514,0.75,Greed,66,Greed,Greed -> Greed
2024-02-11,983.443176,7,1,11101.050000000001,0.10790370617954206,0.42857142857142855,Greed,71,Greed,Greed -> Greed
2024-02-12,913.8817869999998,15,1,217247.8,-0.004964701692675751,0.26666666666666666,Greed,70,Greed,Greed -> Greed
2024-02-13,559.44389,14,1,1999.99,0.2817649608436004,1.0,Extreme Greed,79,Greed,Greed -> Extreme Greed
2024-02-14,3830.599833,84,2,112259.96,0.03469774526297674,0.7380952380952381,Greed,74,Extreme Greed,Extreme Greed -> Greed
2024-02-15,1840.797677,60,2,146456.72,0.03310994376521962,0.13333333333333333,Greed,72,Greed,Greed -> Greed
2024-02-16,5491.768834,146,1,231033.08,0.018016135080522442,0.3150684931506849,Greed,72,Greed,Greed -> Greed
2024-02-17,1929.6418,65,2,254045.03,0.011260840935221124,0.6461538461538462,Extreme Greed,76,Greed,Greed -> Extreme Greed
2024-02-18,477.6248299999999,68,1,78292.06,0.0226177875676221,0.8235294117647058,Greed,72,Extreme Greed,Extreme Greed -> Greed
2024-02-19,4317.768563,79,2,155852.61,0.03514917310461894,0.6075949367088608,Extreme Greed,75,Greed,Greed -> Extreme Greed
2024-02-20,3263.628824,32,2,61558.26,0.05809808845327983,0.75,Greed,72,Extreme Greed,Extreme Greed -> Greed
2024-02-21,1858.7985700000002,15,1,49950.35,0.036361120278442745,1.0,Extreme Greed,78,Greed,Greed -> Extreme Greed
2024-02-22,3894.1050699999996,54,1,211464.85,0.017484197703597524,0.9814814814814815,Greed,74,Extreme Greed,Extreme Greed -> Greed
2024-02-23,1418.55293,138,1,55112.47,0.024697700547561256,0.06521739130434782,Extreme Greed,76,Greed,Greed -> Extreme Greed
2024-02-25,-30.7705,2,1,2255.4500000000003,-0.01364272113913169,0.0,Greed,74,Extreme Greed,Extreme Greed -> Greed
2024-02-26,4416.8473,34,1,94129.97,0.04577664384678404,0.23529411764705882,Greed,72,Greed,Greed -> Greed
2024-02-27,888.511733,42,2,96764.54000000001,0.049310991250199984,0.47619047619047616,Extreme Greed,79,Greed,Greed -> Extreme Greed
2024-02-28,2503.747235,39,1,85496.98,0.028580956811122445,0.2564102564102564,Extreme Greed,82,Extreme Greed,Extreme Greed -> Extreme Greed
2024-02-29,9813.996992,100,2,225165.67,0.046217742028117535,0.42,Extreme Greed,80,Extreme Greed,Extreme Greed -> Extreme Greed
2024-03-01,8244.241409,128,1,239133.96,0.03485540320289059,0.7734375,Extreme Greed,80,Extreme Greed,Extreme Greed -> Extreme Greed
2024-03-02,230.90060000000005,28,2,32263.39,-0.08238544196408977,0.03571428571428571,Extreme Greed,80,Extreme Greed,Extreme Greed -> Extreme Greed
2024-03-03,8361.086245,54,1,196228.73,0.04501716300747858,0.7222222222222222,Extreme Greed,83,Extreme Greed,Extreme Greed -> Extreme Greed
2024-03-04,27799.775742,270,2,786208.12,0.04488613535082344,0.4777777777777778,Extreme Greed,82,Extreme Greed,Extreme Greed -> Extreme Greed
2024-03-05,19791.026041,163,1,427738.58999999997,0.04394778212620027,0.7361963190184049,Extreme Greed,90,Extreme Greed,Extreme Greed -> Extreme Greed
2024-03-06,6814.825139,72,1,164239.19,0.04326374446668761,0.3611111111111111,Extreme Greed,75,Extreme Greed,Extreme Greed -> Extreme Greed
2024-03-08,4271.886236,59,1,93193.27,0.05304370953461569,0.7457627118644068,Extreme Greed,81,Extreme Greed,Extreme Greed -> Extreme Greed
2024-03-09,9949.501624,107,1,325619.12,0.02708574605147797,0.2336448598130841,Extreme Greed,84,Extreme Greed,Extreme Greed -> Extreme Greed
2024-03-10,2482.9272,38,1,108745.45,0.0309270489909383,0.0,Extreme Greed,79,Extreme Greed,Extreme Greed -> Extreme Greed
2024-03-11,3588.179495,39,1,88033.35,0.04467605929354847,0.717948717948718,Extreme Greed,82,Extreme Greed,Extreme Greed -> Extreme Greed
2024-03-12,3039.166,7,1,53040.009999999995,0.05729930804100503,1.0,Extreme Greed,81,Extreme Greed,Extreme Greed -> Extreme Greed
2024-03-14,3465.865832,16,2,107699.86,0.032309924057948684,1.0,Extreme Greed,88,Extreme Greed,Extreme Greed -> Extreme Greed
2024-03-15,6236.513651,41,3,169419.4,0.047568860336217336,0.6585365853658537,Extreme Greed,83,Extreme Greed,Extreme Greed -> Extreme Greed
2024-03-16,228.57984,1,1,6223.28,0.03672980164800555,1.0,Extreme Greed,81,Extreme Greed,Extreme Greed -> Extreme Greed
2024-03-17,503.293955,10,2,56680.36,0.021315226991238497,0.4,Extreme Greed,79,Extreme Greed,Extreme Greed -> Extreme Greed
2024-03-18,1456.9577,6,2,31457.649999999998,0.04622390436983089,1.0,Extreme Greed,77,Extreme Greed,Extreme Greed -> Extreme Greed
2024-03-19,668.797973,7,2,99900.65999999999,0.011889785248841192,0.2857142857142857,Extreme Greed,79,Extreme Greed,Extreme Greed -> Extreme Greed
2024-03-20,6423.134599,60,2,115955.46,0.03660345797503651,0.6333333333333333,Greed,74,Extreme Greed,Extreme Greed -> Greed
2024-03-21,2335.5080749999997,23,2,53146.26,0.04385107903867204,0.043478260869565216,Extreme Greed,78,Greed,Greed -> Extreme Greed
2024-03-24,1297.018477,15,1,45647.57,0.03021276250874713,0.0,Greed,74,Extreme Greed,Extreme Greed -> Greed
2024-03-25,1302.916428,6,1,54116.47,0.024083528533230644,1.0,Extreme Greed,75,Greed,Greed -> Extreme Greed
2024-03-26,3215.906593,110,2,94867.11,0.03716312692811815,0.990909090909091,Extreme Greed,81,Extreme Greed,Extreme Greed -> Extreme Greed
2024-03-27,150.41114,19,2,42470.81,0.002560277486694501,0.631578947368421,Extreme Greed,83,Extreme Greed,Extreme Greed -> Extreme Greed
2024-03-28,227.85100799999998,9,1,7540.98,0.030226637708650497,0.0,Extreme Greed,80,Extreme Greed,Extreme Greed -> Extreme Greed
2024-03-29,883.097404,6,1,53912.9,0.015110256278231865,1.0,Extreme Greed,79,Extreme Greed,Extreme Greed -> Extreme Greed
2024-03-30,1100.57514,44,1,51102.26,0.021532370406615042,1.0,Extreme Greed,75,Extreme Greed,Extreme Greed -> Extreme Greed
2024-03-31,912.786145,10,1,30914.19,0.029535442342299423,1.0,Extreme Greed,75,Extreme Greed,Extreme Greed -> Extreme Greed
2024-04-01,2507.963406,43,2,121978.45,0.02967694656713394,0.9069767441860465,Extreme Greed,79,Extreme Greed,Extreme Greed -> Extreme Greed
2024-04-02,883.760812,12,1,134674.12,0.010437229889805595,0.75,Extreme Greed,79,Extreme Greed,Extreme Greed -> Extreme Greed
2024-04-03,126.7884,1,1,3507.35,0.036149343521462075,1.0,Greed,71,Extreme Greed,Extreme Greed -> Greed
2024-04-05,10706.484306,90,3,335794.58999999997,0.025275679687685366,0.9222222222222223,Extreme Greed,79,Greed,Greed -> Extreme Greed
2024-04-06,236.33513399999998,4,1,18234.120000000003,0.01298747702148627,1.0,Extreme Greed,75,Extreme Greed,Extreme Greed -> Extreme Greed
2024-04-08,1218.4267,1,1,23777.92,0.05124193789868921,0.0,Extreme Greed,76,Extreme Greed,Extreme Greed -> Extreme Greed
2024-04-10,5207.443414,36,1,327737.64999999997,0.0158868985703188,0.027777777777777776,Extreme Greed,78,Extreme Greed,Extreme Greed -> Extreme Greed
2024-04-11,389.743164,2,1,24393.64,0.015977243891294585,1.0,Extreme Greed,76,Extreme Greed,Extreme Greed -> Extreme Greed
2024-04-12,-592.6458390000001,101,2,162372.44,0.010566732664238142,0.8514851485148515,Extreme Greed,79,Extreme Greed,Extreme Greed -> Extreme Greed
2024-04-13,6621.451755,61,1,165060.81,0.04898217647848129,0.639344262295082,Greed,72,Extreme Greed,Extreme Greed -> Greed
2024-04-14,-36104.012520000004,74,2,368513.22,-0.051538528127809805,0.7297297297297297,Greed,72,Greed,Greed -> Greed
2024-04-15,3774.08872,35,1,121097.51,0.03169821822064264,0.6285714285714286,Greed,74,Greed,Greed -> Greed
2024-04-16,2467.702221,43,1,90135.48,0.02885712756257488,0.3023255813953488,Greed,65,Greed,Greed -> Greed
2024-04-17,2441.4683999999997,13,1,47560.770000000004,0.05165370825658067,0.0,Greed,67,Greed,Greed -> Greed
2024-04-19,1946.4454620000001,27,1,301255.07,0.006685211973378447,1.0,Greed,66,Greed,Greed -> Greed
2024-04-23,1119.536196,35,2,148340.09,0.018678415753570453,0.5142857142857142,Greed,71,Greed,Greed -> Greed
2024-04-24,279.185907,7,1,48275.33,0.008180430331077817,1.0,Greed,72,Greed,Greed -> Greed
2024-04-27,4281.488139,19,1,136261.81,0.03142844753897615,1.0,Greed,67,Greed,Greed -> Greed
2024-04-29,526.9338359999999,17,1,59471.380000000005,0.008860245499152935,0.0,Greed,67,Greed,Greed -> Greed
2024-05-03,5306.017045,19,2,247543.41999999998,0.009187136834600792,0.8947368421052632,Neutral,48,Greed,Greed -> Neutral
2024-05-05,0.916,1,1,40.69,0.022511673629884495,0.0,Greed,69,Neutral,Neutral -> Greed
2024-05-06,968.59038,4,1,134018.34,0.007218029306950199,0.0,Greed,71,Greed,Greed -> Greed
2024-05-07,883.537693,9,2,67672.83,0.02045973030076493,0.4444444444444444,Greed,68,Greed,Greed -> Greed
2024-05-08,1.56576,2,1,89.53,0.021308643771391203,0.5,Greed,64,Greed,Greed -> Greed
2024-05-09,1147.595856,11,1,135983.79,0.008439222699030842,1.0,Greed,55,Greed,Greed -> Greed
2024-05-10,2101.741695,6,1,60893.869999999995,0.034489464263794255,0.0,Greed,66,Greed,Greed -> Greed
2024-05-11,251.604742,9,1,63248.95,0.003969500639528391,1.0,Neutral,53,Greed,Greed -> Neutral
2024-05-13,2136.853859,10,1,86146.39,0.02477758384317468,1.0,Greed,57,Neutral,Neutral -> Greed
2024-05-14,1150.5233050000002,4,1,61842.23,0.018625983908325018,0.0,Greed,66,Greed,Greed -> Greed
2024-05-15,948.970582,17,1,144916.45,0.0072099711910410475,0.8823529411764706,Greed,64,Greed,Greed -> Greed
2024-05-16,214.5898,5,1,62783.14,0.0034248899462296133,0.0,Greed,70,Greed,Greed -> Greed
2024-05-18,3522.3946610000003,16,1,96305.06,0.03050543530489743,0.5625,Greed,73,Greed,Greed -> Greed
2024-05-20,-74.818442,3,1,5121.35,-0.013362906902816218,1.0,Greed,70,Greed,Greed -> Greed
2024-05-21,7289.397571999999,25,2,382045.7,0.012179391578900314,0.56,Extreme Greed,76,Greed,Greed -> Extreme Greed
2024-05-23,413.347329,156,1,179528.69,0.0041935551302008135,0.1858974358974359,Extreme Greed,76,Extreme Greed,Extreme Greed -> Extreme Greed
2024-05-24,821.949278,2,1,50811.899999999994,0.016077878282539912,1.0,Greed,74,Extreme Greed,Extreme Greed -> Greed
2024-05-25,14.126038999999999,5,1,2484.91,0.00568165429622614,0.0,Extreme Greed,76,Greed,Greed -> Extreme Greed
2024-05-26,778.6839,4,2,26275.27,0.02409552002710223,0.5,Extreme Greed,75,Extreme Greed,Extreme Greed -> Extreme Greed
2024-05-27,1129.35587,93,1,76102.26,0.014788675593773302,0.0,Greed,74,Extreme Greed,Extreme Greed -> Greed
2024-05-29,277.791953,71,1,26337.69,0.009198005674077884,0.16901408450704225,Greed,72,Greed,Greed -> Greed
2024-05-30,20.951433,5,1,1783.32,0.01144109901659604,0.0,Greed,73,Greed,Greed -> Greed
2024-05-31,25.35812,4,1,1805.3799999999999,0.012880305194537459,0.0,Greed,73,Greed,Greed -> Greed
2024-06-01,91.510419,9,1,6371.530000000001,0.015071916032553182,0.0,Greed,72,Greed,Greed -> Greed
2024-06-02,192.906947,34,1,10703.07,0.01985003640258624,0.0,Greed,73,Greed,Greed -> Greed
2024-06-03,562.808208,44,1,14384.74,0.036504942665489766,0.0,Greed,73,Greed,Greed -> Greed
2024-06-04,52.211438,25,1,12095.619999999999,0.0040544654833604985,0.0,Greed,73,Greed,Greed -> Greed
2024-06-05,56.055506,17,1,12647.34,0.0037675409372023537,0.0,Extreme Greed,75,Greed,Greed -> Extreme Greed
2024-06-06,274.173187,102,1,68642.33,0.005304065330268436,0.00980392156862745,Extreme Greed,78,Extreme Greed,Extreme Greed -> Extreme Greed
2024-06-07,8902.467416,178,2,728060.25,0.010973723555981798,0.3651685393258427,Extreme Greed,77,Extreme Greed,Extreme Greed -> Extreme Greed
2024-06-08,129.13883900000002,8,1,27903.85,0.005071397071757492,1.0,Greed,72,Extreme Greed,Extreme Greed -> Greed
2024-06-10,31.266804999999998,18,1,11278.16,0.002057482253916932,0.0,Greed,72,Greed,Greed -> Greed
2024-06-11,4320.631811,17,2,34444.41,0.08314556782413907,0.5294117647058824,Greed,74,Greed,Greed -> Greed
2024-06-12,-21886.531493,78,1,106886.71,-0.15696144087353353,0.0,Greed,72,Greed,Greed -> Greed
2024-06-13,6632.757115,20,2,80049.19,0.15385309903520755,0.15,Greed,70,Greed,Greed -> Greed
2024-06-14,10258.592609,15,1,41879.7,0.2453031828320553,0.0,Greed,74,Greed,Greed -> Greed
2024-06-15,3369.958346,38,2,535380.57,0.009244459134078795,1.0,Greed,74,Greed,Greed -> Greed
2024-06-17,10599.502375,26,2,209355.04,0.08418916477253123,0.15384615384615385,Greed,71,Greed,Greed -> Greed
2024-06-18,282.57636,4,1,25299.510000000002,0.011169242924967054,1.0,Greed,74,Greed,Greed -> Greed
2024-06-19,4887.656944,31,2,367911.97,0.012311475738253898,1.0,Greed,64,Greed,Greed -> Greed
2024-06-20,57478.456026,8,1,169507.75,0.3419686619174635,1.0,Greed,60,Greed,Greed -> Greed
2024-06-21,773.5582039999999,3,1,29223.769999999997,0.026470171085255775,0.0,Greed,63,Greed,Greed -> Greed
2024-06-22,756.876565,8,1,75799.25,0.009985274912206896,1.0,Neutral,53,Greed,Greed -> Neutral
2024-06-25,4869.353105,11,1,52649.76,0.09252205372454254,0.0,Fear,30,Neutral,Neutral -> Fear
2024-06-26,4197.732182,21,1,319197.26,0.013147584922280822,1.0,Neutral,46,Fear,Fear -> Neutral
2024-06-29,6150.326145,24,2,247190.91,0.042173585892308345,0.041666666666666664,Fear,30,Neutral,Neutral -> Fear
2024-07-01,5065.839308,26,2,278385.62,0.026078236353254555,1.0,Neutral,53,Fear,Fear -> Neutral
2024-07-02,2421.253116,13,1,33074.42,0.06137528376860461,0.38461538461538464,Neutral,51,Neutral,Neutral -> Neutral
2024-07-03,1118.387284,4,1,28882.899999999998,0.038721433963592955,0.0,Neutral,50,Neutral,Neutral -> Neutral
2024-07-06,108.87217799999999,7,1,1616.7399999999998,0.07299152082882814,1.0,Fear,26,Neutral,Neutral -> Fear
2024-07-07,61.428942,10,1,498.75,0.12316580454607151,1.0,Fear,29,Fear,Fear -> Fear
2024-07-09,648.984412,15,1,2736.45,0.23227538475115375,1.0,Fear,27,Fear,Fear -> Fear
2024-07-10,11977.734907,38,2,612908.21,0.0679320918926064,1.0,Fear,28,Fear,Fear -> Fear
2024-07-11,1876.812082,9,1,85881.14,0.021853613619591254,1.0,Fear,29,Fear,Fear -> Fear
2024-07-12,1412.314654,9,1,13576.32,0.10423197847849962,0.0,Fear,25,Fear,Fear -> Fear
2024-07-13,2913.617837,17,2,139189.19,0.12534818511913037,1.0,Fear,25,Fear,Fear -> Fear
2024-07-15,-1.0,2,1,15176.0,-6.589351519009812e-05,0.0,Neutral,52,Fear,Fear -> Neutral
2024-07-17,1859.269477,155,1,214452.88,0.009711515827570912,0.0,Greed,69,Neutral,Neutral -> Greed
2024-07-18,3803.884311,48,2,565707.72,0.02746556560531942,0.0,Greed,61,Greed,Greed -> Greed
2024-07-19,2155.891114,12,2,87152.69,0.02545794982477505,1.0,Greed,60,Greed,Greed -> Greed
2024-07-20,2299.169566,36,2,89463.46,0.03668511947138427,0.0,Greed,74,Greed,Greed -> Greed
2024-07-21,-2960.716887,236,1,84972.51,-0.04237687476267546,0.0,Greed,74,Greed,Greed -> Greed
2024-07-22,1517.119876,106,2,176071.63,-0.025425656604130577,0.08490566037735849,Greed,70,Greed,Greed -> Greed
2024-07-23,89890.302206,364,2,331532.55,0.22945307696652417,0.6291208791208791,Greed,71,Greed,Greed -> Greed
2024-07-24,625.561479,18,1,24136.02,0.024185636022029944,0.0,Greed,69,Greed,Greed -> Greed
2024-07-25,916.7382600000001,10,1,9073.93,0.10153656532541278,0.0,Greed,68,Greed,Greed -> Greed
2024-07-26,2766.513113,61,2,322855.83999999997,0.007850042257991824,0.47540983606557374,Greed,68,Greed,Greed -> Greed
2024-07-27,6400.623656,42,1,788749.6799999999,0.008151256686446789,1.0,Greed,72,Greed,Greed -> Greed
2024-07-28,587.29903,12,1,8756.13,0.06704794154554655,0.0,Greed,71,Greed,Greed -> Greed
2024-07-29,330.80445399999996,16,2,162137.14,0.009274419865510768,0.8125,Greed,74,Greed,Greed -> Greed
2024-07-31,765.690884,14,1,24543.89,0.027992093724655585,0.0,Greed,61,Greed,Greed -> Greed
2024-08-01,167.080017,7,1,11995.66,0.004917599762464247,0.8571428571428571,Neutral,52,Greed,Greed -> Neutral
2024-08-02,782.3681909999999,17,2,60322.34,0.011077820236857416,1.0,Greed,57,Neutral,Neutral -> Greed
2024-08-03,464.1897,1,1,4534.09,0.1023776987223456,0.0,Fear,37,Greed,Greed -> Fear
2024-08-04,-122672.000883,65,3,876375.02,-0.13897542161484236,1.0,Fear,34,Fear,Fear -> Fear
2024-08-05,-13013.665169,38,3,183541.19,-0.008665025942313331,0.9736842105263158,Fear,26,Fear,Fear -> Fear
2024-08-06,267.318048,26,2,795.68,0.31715369179531294,1.0,Extreme Fear,17,Fear,Fear -> Extreme Fear
2024-08-07,188.789255,10,1,1194.55,0.16210125903055378,1.0,Fear,29,Extreme Fear,Extreme Fear -> Fear
2024-08-08,-40.712216999999995,3,1,459.27,-0.0888849458132717,1.0,Extreme Fear,20,Fear,Fear -> Extreme Fear
2024-08-09,18082.071276,58,3,450260.37,0.0296796986535469,0.5689655172413793,Neutral,48,Extreme Fear,Extreme Fear -> Neutral
2024-08-11,847.7766200000001,4,1,20840.300000000003,0.040689885287885016,1.0,Fear,39,Neutral,Neutral -> Fear
2024-08-12,858.6705000000001,6,1,19140.88,0.04486190114544796,0.0,Fear,25,Fear,Fear -> Fear
2024-08-13,212.08102,8,1,7287.15,0.029240937674241973,0.0,Fear,31,Fear,Fear -> Fear
2024-08-14,2168.9015130000003,5,1,39668.42,0.05466556559397172,1.0,Fear,30,Fear,Fear -> Fear
2024-08-16,825.230544,3,1,75832.35,0.01088230190996751,1.0,Fear,27,Fear,Fear -> Fear
2024-08-17,-288.283113,1,1,211.7,-1.3617530136986302,1.0,Fear,25,Fear,Fear -> Fear
2024-08-18,307.201888,12,1,37805.14,0.008162881512001613,1.0,Fear,31,Fear,Fear -> Fear
2024-08-19,339.69958299999996,5,1,50327.34,0.006742088843312737,1.0,Fear,28,Fear,Fear -> Fear
2024-08-20,192.602844,1,1,4913.04,0.03920237653265595,0.0,Fear,30,Fear,Fear -> Fear
2024-08-21,656.200925,54,1,54915.35,0.013830626206490974,0.0,Fear,26,Fear,Fear -> Fear
2024-08-23,1005.30527,3,1,26010.45,0.03865000279092421,1.0,Fear,34,Fear,Fear -> Fear
2024-08-26,231.236918,2,1,67264.19,0.0034377418331372816,0.0,Greed,55,Fear,Fear -> Greed
2024-08-28,1333.359645,2,1,23665.510000000002,0.0563420011282717,0.0,Fear,30,Greed,Greed -> Fear
2024-08-30,256.464,1,1,9739.38,0.02633268236787147,0.0,Fear,34,Fear,Fear -> Fear
2024-08-31,10.882801,13,1,2005.12,0.006737240954609809,0.8461538461538461,Fear,29,Fear,Fear -> Fear
2024-09-01,137.433093,5,1,7862.46,0.019951932257335388,0.2,Fear,26,Fear,Fear -> Fear
2024-09-04,1065.785132,8,1,94450.69,0.02666728424994333,0.375,Fear,27,Fear,Fear -> Fear
2024-09-06,-1104.856765,38,1,4056.43,-0.27523836121909023,1.0,Extreme Fear,22,Fear,Fear -> Extreme Fear
2024-09-10,-219.729659,2,1,1780.54,-0.1233435337559849,1.0,Fear,33,Extreme Fear,Extreme Fear -> Fear
2024-09-18,-878.684794,134,1,12622.0,-0.06752568903514276,1.0,Neutral,45,Fear,Fear -> Neutral
2024-09-20,9585.03428,9,1,284571.81,0.031035344409917637,1.0,Neutral,54,Neutral,Neutral -> Neutral
2024-09-21,36165.56933,23,1,165648.12,0.21862562120081588,1.0,Neutral,54,Neutral,Neutral -> Neutral
2024-09-23,334.760796,1,1,30334.3,0.01103571851006946,1.0,Neutral,50,Neutral,Neutral -> Neutral
2024-09-26,439.812513,2,1,60440.89000000001,0.007276734443830342,1.0,Neutral,50,Neutral,Neutral -> Neutral
2024-09-30,2710.626288,5,1,117281.06,0.023112225159110805,0.0,Greed,61,Neutral,Neutral -> Greed
2024-10-03,100.375782,3,1,6513.53,0.015325167908158107,1.0,Fear,37,Greed,Greed -> Fear
2024-10-05,5767.161892,24,1,505604.96,0.010746875038795569,0.9583333333333334,Neutral,49,Fear,Fear -> Neutral
2024-10-06,130.487079,5,1,60132.09,0.0021812375407370124,1.0,Neutral,50,Neutral,Neutral -> Neutral
2024-10-08,5396.546638,33,1,414585.14,0.013058159667589908,0.0,Neutral,49,Neutral,Neutral -> Neutral
2024-10-09,396.06272,3,1,60396.659999999996,0.006557692745967395,1.0,Neutral,49,Neutral,Neutral -> Neutral
2024-10-11,8885.327477,18,1,428910.68,0.02071602442757638,1.0,Fear,32,Neutral,Neutral -> Fear
2024-10-12,541.55471,7,1,109716.35,0.005397512966785825,0.14285714285714285,Neutral,49,Fear,Fear -> Neutral
2024-10-14,1913.61958,5,1,61916.020000000004,0.030903761250705993,1.0,Neutral,48,Neutral,Neutral -> Neutral
2024-10-15,1170.2260760000001,4,1,41171.79,0.028402367971574624,1.0,Greed,65,Neutral,Neutral -> Greed
2024-10-16,219.480876,3,1,40224.32,0.005515777182823942,1.0,Greed,73,Greed,Greed -> Greed
2024-10-17,36.11496,2,1,20035.36,0.001798568150502536,1.0,Greed,71,Greed,Greed -> Greed
2024-10-18,333.219141,5,1,110331.02,0.003416228007669442,1.0,Greed,73,Greed,Greed -> Greed
2024-10-20,389.155797,11,2,124528.3,0.011242593768145372,0.45454545454545453,Greed,73,Greed,Greed -> Greed
2024-10-21,2464.915564,68,1,98293.43,0.025130248367670055,0.0,Greed,72,Greed,Greed -> Greed
2024-10-23,-46.489941,3,1,69974.15,-0.0006643874007830632,1.0,Greed,71,Greed,Greed -> Greed
2024-10-25,13235.862071,21,2,337880.19,0.09979716929815922,0.7619047619047619,Greed,72,Greed,Greed -> Greed
2024-10-27,666.6623079999999,3,1,60665.02,0.010989251865675355,1.0,Greed,74,Greed,Greed -> Greed
2024-10-28,167.28016200000002,4,1,1500.9299999999998,0.1251428728869951,1.0,Greed,72,Greed,Greed -> Greed
2024-10-29,801.170876,3,1,1697.55,0.47213239308411986,0.0,Greed,72,Greed,Greed -> Greed
2024-10-30,9.150023,8,1,3891.9700000000003,0.004517149082610089,0.0,Extreme Greed,77,Greed,Greed -> Extreme Greed
2024-10-31,1214.043811,37,3,815278.02,0.013094270554230973,0.08108108108108109,Extreme Greed,77,Extreme Greed,Extreme Greed -> Extreme Greed
2024-11-01,1040.475736,10,2,116016.8,0.0024312287982717574,1.0,Extreme Greed,75,Extreme Greed,Extreme Greed -> Extreme Greed
2024-11-04,2799.410474,23,2,291843.23,0.0164116152234905,1.0,Greed,70,Extreme Greed,Extreme Greed -> Greed
2024-11-05,678.4759280000001,5,1,150636.75,0.004504251450347034,1.0,Greed,70,Greed,Greed -> Greed
2024-11-06,2817.83723,9,2,63362.340000000004,0.04282753533749526,1.0,Greed,70,Greed,Greed -> Greed
2024-11-07,4493.353136,60,3,56315.0,0.2750799027589499,1.0,Extreme Greed,77,Greed,Greed -> Extreme Greed
2024-11-08,-64.41354100000007,16,2,135317.99,-0.029654595695888176,1.0,Extreme Greed,75,Extreme Greed,Extreme Greed -> Extreme Greed
2024-11-09,102.90894,44,1,17837.29,0.0039211017774202815,0.0,Extreme Greed,75,Extreme Greed,Extreme Greed -> Extreme Greed
2024-11-10,991.114334,51,2,198711.46,0.008033842760874635,0.11764705882352941,Extreme Greed,78,Extreme Greed,Extreme Greed -> Extreme Greed
2024-11-11,6749.630996,96,3,415309.23,0.025763791027672314,0.13541666666666666,Extreme Greed,76,Extreme Greed,Extreme Greed -> Extreme Greed
2024-11-12,3494.399394,42,2,430587.23,0.011353596076665404,0.2857142857142857,Extreme Greed,80,Extreme Greed,Extreme Greed -> Extreme Greed
2024-11-13,7846.402274,32,4,444140.75,0.011692160153432862,0.9375,Extreme Greed,84,Extreme Greed,Extreme Greed -> Extreme Greed
2024-11-14,4563.509225,28,2,506461.42,0.0212463556753146,1.0,Extreme Greed,88,Extreme Greed,Extreme Greed -> Extreme Greed
2024-11-15,4140.740438,55,2,698263.1900000001,0.047585541857901474,0.7272727272727273,Extreme Greed,80,Extreme Greed,Extreme Greed -> Extreme Greed
2024-11-16,2769.521909,58,4,146473.22,0.04491591945414862,0.5344827586206896,Extreme Greed,86,Extreme Greed,Extreme Greed -> Extreme Greed
2024-11-17,882.975285,62,3,291912.12,0.0077155744609732095,0.43548387096774194,Extreme Greed,90,Extreme Greed,Extreme Greed -> Extreme Greed
2024-11-18,4470.815187,156,6,615142.15,0.04282834455932998,0.6538461538461539,Extreme Greed,83,Extreme Greed,Extreme Greed -> Extreme Greed
2024-11-19,2958.268991,167,4,320455.85,0.012771863111070416,0.49101796407185627,Extreme Greed,90,Extreme Greed,Extreme Greed -> Extreme Greed
2024-11-20,4210.0928969999995,299,5,1023614.0599999999,0.008882600806036268,0.8193979933110368,Extreme Greed,83,Extreme Greed,Extreme Greed -> Extreme Greed
2024-11-21,1692.430891,255,4,261688.48,0.007750148286996115,0.8117647058823529,Extreme Greed,82,Extreme Greed,Extreme Greed -> Extreme Greed
2024-11-22,-18105.345617,352,6,1035049.05,0.001215681650556623,0.6448863636363636,Extreme Greed,94,Extreme Greed,Extreme Greed -> Extreme Greed
2024-11-23,2901.531638,149,3,238971.59,0.015689089642640226,0.42953020134228187,Extreme Greed,93,Extreme Greed,Extreme Greed -> Extreme Greed
2024-11-24,945.550386,61,3,209024.32,0.022945773540125718,0.2459016393442623,Extreme Greed,80,Extreme Greed,Extreme Greed -> Extreme Greed
2024-11-25,5523.740734,149,2,347874.32,0.023597249368029836,0.5570469798657718,Extreme Greed,82,Extreme Greed,Extreme Greed -> Extreme Greed
2024-11-26,1094.809359,128,2,332981.79,0.019034762489194827,0.609375,Extreme Greed,79,Extreme Greed,Extreme Greed -> Extreme Greed
2024-11-27,-2654.495633,130,2,1159708.17,0.010211039377033234,0.7769230769230769,Extreme Greed,75,Extreme Greed,Extreme Greed -> Extreme Greed
2024-11-28,-127075.39958499999,228,4,1655073.7,-0.01797020946795985,0.3991228070175439,Extreme Greed,77,Extreme Greed,Extreme Greed -> Extreme Greed
2024-11-29,176844.994152,209,8,316677.52,0.5033130880761562,0.8660287081339713,Extreme Greed,78,Extreme Greed,Extreme Greed -> Extreme Greed
2024-11-30,37316.69352,173,7,320450.64,0.30323787224191967,0.7803468208092486,Extreme Greed,84,Extreme Greed,Extreme Greed -> Extreme Greed
2024-12-01,40886.364494,232,6,494476.24,0.36025314087588045,0.6681034482758621,Extreme Greed,81,Extreme Greed,Extreme Greed -> Extreme Greed
2024-12-02,18489.604313,112,4,223933.73,0.19829501028956678,0.6071428571428571,Extreme Greed,80,Extreme Greed,Extreme Greed -> Extreme Greed
2024-12-03,23576.539285,177,6,540496.83,0.12125959628395376,0.8587570621468926,Extreme Greed,76,Extreme Greed,Extreme Greed -> Extreme Greed
2024-12-04,292891.815021,166,6,438865.48,0.4535951449392098,0.7469879518072289,Extreme Greed,78,Extreme Greed,Extreme Greed -> Extreme Greed
2024-12-05,71574.11848800001,205,6,444920.58,0.20921443223832414,0.375609756097561,Extreme Greed,84,Extreme Greed,Extreme Greed -> Extreme Greed
2024-12-06,-92624.643895,137,6,2262561.34,0.1790677621813258,0.3357664233576642,Greed,72,Extreme Greed,Extreme Greed -> Greed
2024-12-07,85906.279067,142,5,379159.16000000003,0.17166502829204588,0.3732394366197183,Extreme Greed,75,Greed,Greed -> Extreme Greed
2024-12-08,15965.933436,156,4,299369.26,0.09592695395676167,0.6602564102564102,Extreme Greed,79,Extreme Greed,Extreme Greed -> Extreme Greed
2024-12-09,6310.967676,178,6,314397.66000000003,0.07735232861106008,0.1404494382022472,Extreme Greed,78,Extreme Greed,Extreme Greed -> Extreme Greed
2024-12-10,39325.770231,1123,7,1390842.28,0.04368200778702187,0.8201246660730187,Extreme Greed,78,Extreme Greed,Extreme Greed -> Extreme Greed
2024-12-11,319051.554217,882,11,1493923.44,0.22886411742281046,0.8900226757369615,Greed,74,Extreme Greed,Extreme Greed -> Greed
2024-12-12,599151.795008,1417,10,2342341.88,0.3298141209899188,0.9160197600564574,Extreme Greed,83,Greed,Greed -> Extreme Greed
2024-12-13,31935.901745,489,8,1469366.66,0.058370318416693844,0.7730061349693251,Extreme Greed,76,Extreme Greed,Extreme Greed -> Extreme Greed
2024-12-14,167801.399244,602,9,936257.48,0.285648153609461,0.8970099667774086,Extreme Greed,83,Extreme Greed,Extreme Greed -> Extreme Greed
2024-12-15,97525.315279,469,10,747338.27,0.20966787645357174,0.929637526652452,Extreme Greed,80,Extreme Greed,Extreme Greed -> Extreme Greed
2024-12-16,166774.344133,546,9,958612.92,0.26592297177699975,0.8754578754578755,Extreme Greed,83,Extreme Greed,Extreme Greed -> Extreme Greed
2024-12-17,219591.305172,873,10,1530296.45,0.1803989173903482,0.86368843069874,Extreme Greed,87,Extreme Greed,Extreme Greed -> Extreme Greed
2024-12-18,13682.994673,743,9,2369799.95,0.03904462257230728,0.7173620457604307,Extreme Greed,81,Extreme Greed,Extreme Greed -> Extreme Greed
2024-12-19,62744.004486000005,2196,9,3877035.06,0.019436407835248005,0.9467213114754098,Extreme Greed,75,Extreme Greed,Extreme Greed -> Extreme Greed
2024-12-20,254969.660039,1479,12,3909195.01,0.07438577462152583,0.8066260987153482,Greed,74,Extreme Greed,Extreme Greed -> Greed
2024-12-21,150022.163157,934,7,2443847.17,0.16849010330393818,0.9293361884368309,Greed,73,Greed,Greed -> Greed
2024-12-22,352197.163973,353,5,2013353.81,0.10328490363784798,0.5184135977337111,Greed,73,Greed,Greed -> Greed
2024-12-23,-29430.626577,1404,8,3337130.91,0.013196971124963569,0.7471509971509972,Greed,70,Greed,Greed -> Greed
2024-12-24,14813.780116,171,7,1123847.82,0.048241725419973576,0.6140350877192983,Greed,73,Greed,Greed -> Greed
2024-12-25,756.6570469999998,82,4,112801.18,0.054740838910708876,0.524390243902439,Greed,73,Greed,Greed -> Greed
2024-12-26,60228.639722,371,6,1318344.32,0.05041348079790882,0.6064690026954178,Extreme Greed,79,Greed,Greed -> Extreme Greed
2024-12-27,2672.811035,116,4,119770.35,0.02863995914806874,0.3017241379310345,Greed,74,Extreme Greed,Extreme Greed -> Greed
2024-12-28,940.673623,46,5,116478.59,0.05518387792815822,0.45652173913043476,Greed,72,Greed,Greed -> Greed
2024-12-29,2884.067927,64,4,55541.62,0.03279312916549878,0.265625,Greed,73,Greed,Greed -> Greed
2024-12-30,9009.738137,122,7,483555.37,0.03615630543391492,0.4344262295081967,Greed,65,Greed,Greed -> Greed
2024-12-31,5445.01281,100,5,382336.13,0.02952501935836479,0.79,Greed,64,Greed,Greed -> Greed
2025-01-01,-9528.065345,30,3,99094.12,0.040207544189663415,0.26666666666666666,Greed,66,Greed,Greed -> Greed
2025-01-02,8716.519087,168,7,401804.62,0.0379830044091331,0.5595238095238095,Greed,70,Greed,Greed -> Greed
2025-01-03,6028.486793,163,5,348010.13,0.03485044204845255,0.4723926380368098,Greed,74,Greed,Greed -> Greed
2025-01-04,2553.537968,85,5,40700.69,0.0853710558784497,0.49411764705882355,Greed,73,Greed,Greed -> Greed
2025-01-05,3187.719363,104,6,224560.09000000003,0.06351588964469106,0.5288461538461539,Greed,72,Greed,Greed -> Greed
2025-01-06,6064.185393,121,6,225531.97999999998,0.029866005066734848,0.45454545454545453,Extreme Greed,76,Greed,Greed -> Extreme Greed
2025-01-07,16098.227531,500,4,482585.12,0.03865628712008651,0.03,Extreme Greed,78,Extreme Greed,Extreme Greed -> Extreme Greed
2025-01-08,130117.090554,422,6,1778467.99,0.053798734120212,0.36492890995260663,Greed,70,Extreme Greed,Extreme Greed -> Greed
2025-01-09,46975.928902,169,5,665166.99,0.055388422935967796,0.6627218934911243,Greed,69,Greed,Greed -> Greed
2025-01-10,-10116.875552,488,6,3719869.28,0.047690106395020596,0.7438524590163934,Neutral,50,Greed,Greed -> Neutral
2025-01-11,2269.080536,88,6,663032.33,0.015255295274245628,0.7386363636363636,Greed,69,Neutral,Neutral -> Greed
2025-01-12,5742.241803,475,5,1294963.88,0.007199118953191068,0.968421052631579,Greed,62,Greed,Greed -> Greed
2025-01-13,9655.429352,166,6,1419720.25,0.03815196335252508,0.8072289156626506,Greed,61,Greed,Greed -> Greed
2025-01-14,16069.512355,141,7,464055.29,0.11689400274327938,0.7588652482269503,Greed,63,Greed,Greed -> Greed
2025-01-15,14819.5883,139,8,922145.33,0.09423801929944076,0.6402877697841727,Greed,70,Greed,Greed -> Greed
2025-01-16,20807.709328,141,6,1643736.31,0.026581950951175402,0.6312056737588653,Extreme Greed,75,Greed,Greed -> Extreme Greed
2025-01-17,7006.415608,127,7,545881.63,0.04260635801523159,0.6220472440944882,Extreme Greed,75,Extreme Greed,Extreme Greed -> Extreme Greed
2025-01-18,443.2330819999997,280,9,1327143.17,0.03748242423318991,0.3535714285714286,Extreme Greed,77,Extreme Greed,Extreme Greed -> Extreme Greed
2025-01-19,87923.799302,434,11,3261334.21,0.022695941897006286,0.5691244239631337,Extreme Greed,77,Extreme Greed,Extreme Greed -> Extreme Greed
2025-01-20,87277.239173,808,11,4218468.04,0.04434295270944552,0.573019801980198,Extreme Greed,76,Extreme Greed,Extreme Greed -> Extreme Greed
2025-01-21,11077.839421,214,8,679362.21,0.061151909240557696,0.6495327102803738,Extreme Greed,76,Extreme Greed,Extreme Greed -> Extreme Greed
2025-01-22,20524.408057,296,9,824338.35,0.05245816987752375,0.6858108108108109,Extreme Greed,84,Extreme Greed,Extreme Greed -> Extreme Greed
2025-01-23,101256.24216,847,9,2538325.97,-0.3972551296703815,0.5430932703659976,Extreme Greed,75,Extreme Greed,Extreme Greed -> Extreme Greed
2025-01-24,10602.779738,499,8,754042.82,0.02707277689139454,0.8517034068136272,Extreme Greed,75,Extreme Greed,Extreme Greed -> Extreme Greed
2025-01-25,-10348.016255999999,170,8,491198.1,0.007074383761967776,0.5529411764705883,Extreme Greed,75,Extreme Greed,Extreme Greed -> Extreme Greed
2025-01-26,40823.466668,206,6,618269.3099999999,0.06118455159535608,0.48058252427184467,Greed,73,Extreme Greed,Extreme Greed -> Greed
2025-01-27,41331.765392,400,7,451691.51,0.07860661097838575,0.5725,Greed,71,Greed,Greed -> Greed
2025-01-28,17979.613973,328,6,359253.59,0.046972434129146555,0.7957317073170732,Greed,72,Greed,Greed -> Greed
2025-01-29,23421.01147,393,5,868500.11,0.033517148522584854,0.25699745547073793,Greed,72,Greed,Greed -> Greed
2025-01-30,23097.471385,423,9,1650060.5,0.039273443644318166,0.607565011820331,Greed,70,Greed,Greed -> Greed
2025-01-31,35868.296773,586,8,1420007.68,0.03174286917528828,0.643344709897611,Extreme Greed,76,Greed,Greed -> Extreme Greed
2025-02-01,32300.205017,398,9,649448.26,0.04214207991524451,0.5226130653266332,Greed,68,Extreme Greed,Extreme Greed -> Greed
2025-02-02,162854.759623,529,8,2492261.17,0.021668841312987866,0.7674858223062382,Greed,60,Greed,Greed -> Greed
2025-02-03,348871.326269,1338,11,11120395.8,0.11183731428736764,0.6606875934230194,Fear,44,Greed,Greed -> Fear
2025-02-04,416876.88812,797,9,7563887.22,0.05042368932200519,0.42534504391468003,Greed,72,Fear,Fear -> Greed
2025-02-05,56706.235562,507,9,3400026.38,0.026360082725790785,0.6193293885601578,Neutral,54,Greed,Greed -> Neutral
2025-02-06,33803.799733,829,10,1622183.97,0.04564908967411523,0.5078407720144753,Neutral,49,Neutral,Neutral -> Neutral
2025-02-07,22450.002091,537,9,1593710.52,0.01503337677673538,0.8808193668528864,Fear,44,Neutral,Neutral -> Fear
2025-02-08,586.703253,122,5,84092.06,0.00877454360915025,0.9262295081967213,Fear,44,Fear,Fear -> Fear
2025-02-09,150551.829492,334,10,1999698.22,0.05241772830151791,0.2155688622754491,Neutral,46,Fear,Fear -> Neutral
2025-02-10,63908.49465,462,10,1815826.56,0.015206599380624117,0.7489177489177489,Fear,43,Neutral,Neutral -> Fear
2025-02-11,-6093.784817,326,9,805412.33,-0.04836796883421947,0.9601226993865031,Neutral,47,Fear,Fear -> Neutral
2025-02-12,19848.635032,557,10,2063095.94,0.005636587407466339,0.7648114901256733,Neutral,46,Neutral,Neutral -> Neutral
2025-02-13,27829.534238,657,10,1532580.58,0.017396458858602068,0.7168949771689498,Neutral,50,Neutral,Neutral -> Neutral
2025-02-14,213860.675308,802,11,2246200.39,0.0676047666168913,0.8379052369077307,Neutral,48,Neutral,Neutral -> Neutral
2025-02-15,45042.92701,417,9,1170300.52,0.026404423248357952,0.6426858513189448,Neutral,50,Neutral,Neutral -> Neutral
2025-02-16,2369.478425,349,7,467084.0,0.009472180359587983,0.6275071633237822,Neutral,54,Neutral,Neutral -> Neutral
2025-02-17,1818.573295,242,6,440443.56,0.004326628423739929,0.7892561983471075,Neutral,51,Neutral,Neutral -> Neutral
2025-02-18,91204.672403,930,9,1910013.83,0.04172754542653967,0.5720430107526882,Neutral,47,Neutral,Neutral -> Neutral
2025-02-19,14985.794701,640,8,1416487.58,0.012964384805276948,0.6046875,Fear,44,Neutral,Neutral -> Fear
2025-02-20,46008.794102,992,8,2447243.18,0.0190773551356452,0.8528225806451613,Neutral,49,Fear,Fear -> Neutral
2025-02-21,119693.49395,1012,11,2292551.65,0.0662750400339225,0.7618577075098815,Greed,55,Neutral,Neutral -> Greed
2025-02-22,25278.704178,352,9,1608516.31,0.024667750392511987,0.53125,Neutral,49,Greed,Greed -> Neutral
2025-02-23,10656.934251,243,8,479867.43,0.030187690944150546,0.5185185185185185,Neutral,50,Neutral,Neutral -> Neutral
2025-02-24,38470.176242,2527,10,4633215.38,0.0073672287599163685,0.9109616145627226,Neutral,49,Neutral,Neutral -> Neutral
2025-02-25,204762.177034,2141,13,8000760.53,0.03580145546556705,0.7015413358243812,Fear,25,Neutral,Neutral -> Fear
2025-02-26,63229.063129,850,11,4295457.36,0.013724829096218463,0.6694117647058824,Extreme Fear,21,Fear,Fear -> Extreme Fear
2025-02-27,-36525.167517,420,6,1223627.39,0.009037157966411741,0.1738095238095238,Extreme Fear,10,Extreme Fear,Extreme Fear -> Extreme Fear
2025-02-28,225628.108748,409,11,2440589.7800000003,0.050772865485249515,0.5745721271393643,Extreme Fear,16,Extreme Fear,Extreme Fear -> Extreme Fear
2025-03-01,10596.108968,84,4,113372.66,0.07605142148326534,0.3333333333333333,Extreme Fear,20,Extreme Fear,Extreme Fear -> Extreme Fear
2025-03-02,66914.320708,281,9,3387776.16,0.05674905064441499,0.7758007117437722,Fear,26,Extreme Fear,Extreme Fear -> Fear
2025-03-03,616413.032233,945,12,6151292.03,0.08747058785347758,0.24444444444444444,Fear,33,Fear,Fear -> Fear
2025-03-04,182075.566585,818,10,3143117.8,0.04010713052413532,0.7518337408312958,Extreme Fear,15,Fear,Fear -> Extreme Fear
2025-03-05,269328.365917,1279,12,6760511.33,0.05281441399846074,0.9233776387802971,Extreme Fear,20,Extreme Fear,Extreme Fear -> Extreme Fear
2025-03-06,16101.125561,382,9,2975643.9,0.008709133135354399,0.6413612565445026,Fear,25,Extreme Fear,Extreme Fear -> Fear
2025-03-07,150236.061627,1431,9,10440803.54,0.03911977546952844,0.8777078965758212,Fear,34,Fear,Fear -> Fear
2025-03-08,24700.773359,303,9,490504.59,0.03846639304087244,0.7821782178217822,Fear,28,Fear,Fear -> Fear
2025-03-09,19773.457395,627,8,4614509.22,0.019802156320344728,0.6427432216905901,Fear,27,Fear,Fear -> Fear
2025-03-10,-10010.027269999999,1334,11,7132244.9399999995,0.000331426770186807,0.9962518740629686,Extreme Fear,20,Fear,Fear -> Extreme Fear
2025-03-11,-76880.729036,1197,11,6919993.45,-0.014892949256968015,0.731829573934837,Extreme Fear,24,Extreme Fear,Extreme Fear -> Extreme Fear
2025-03-12,288105.984215,2333,10,9680770.73,0.05121389501012112,0.9087012430347192,Fear,34,Extreme Fear,Extreme Fear -> Fear
2025-03-13,14114.870873,490,9,1479341.61,0.009991879383394622,0.9061224489795918,Neutral,45,Fear,Fear -> Neutral
2025-03-14,68646.160089,1922,8,5570402.77,0.01988948763512503,0.9474505723204995,Fear,27,Neutral,Neutral -> Fear
2025-03-15,78694.624572,189,7,1301075.55,0.16521915512046478,0.291005291005291,Neutral,46,Fear,Fear -> Neutral
2025-03-16,-7910.943544999999,220,8,5047964.92,0.024917588104227065,0.5227272727272727,Fear,30,Neutral,Neutral -> Fear
2025-03-17,26163.906513,483,8,1687151.69,0.04776871606164632,0.5113871635610766,Fear,32,Fear,Fear -> Fear
2025-03-18,72322.788824,246,10,1570809.73,0.02107490204691942,0.6097560975609756,Fear,34,Fear,Fear -> Fear
2025-03-19,29374.682341,775,9,2164113.32,0.009005234051884015,0.8709677419354839,Fear,32,Fear,Fear -> Fear
2025-03-20,10246.859436,440,10,1040041.74,0.009961509007316894,0.9,Neutral,49,Fear,Fear -> Neutral
2025-03-21,6951.270374,349,5,1155524.29,0.010029295089761654,0.9340974212034384,Fear,31,Neutral,Neutral -> Fear
2025-03-22,12498.535254,331,8,681842.85,0.05210403748315025,0.3504531722054381,Fear,32,Fear,Fear -> Fear
2025-03-23,14047.421585,146,9,1199296.48,0.04108111342352,0.5,Fear,30,Fear,Fear -> Fear
2025-03-24,107878.961301,671,10,2252045.16,0.034803845257950945,0.7183308494783904,Neutral,45,Fear,Fear -> Neutral
2025-03-25,32030.90678,390,10,2862777.85,0.013103590963348895,0.7615384615384615,Neutral,46,Neutral,Neutral -> Neutral
2025-03-26,15802.167427,1618,14,3812065.39,0.0010594692381297383,0.6557478368355995,Neutral,47,Neutral,Neutral -> Neutral
2025-03-27,58825.359221,265,9,1321474.4,0.11459459425036583,0.3584905660377358,Fear,40,Neutral,Neutral -> Fear
2025-03-28,21337.179335,234,7,531599.6,0.06743325335895912,0.5683760683760684,Fear,44,Fear,Fear -> Fear
2025-03-29,12098.872931,940,8,1277721.05,0.016300633950139736,0.9457446808510638,Fear,26,Fear,Fear -> Fear
2025-03-30,15795.11514,106,7,1019381.37,0.08313386472062151,0.8018867924528302,Fear,32,Fear,Fear -> Fear
2025-03-31,6978.184557,292,10,1343787.8599999999,0.03242725479584081,0.9452054794520548,Fear,34,Fear,Fear -> Fear
2025-04-01,-2202.6622420000003,122,8,311911.09,-0.024627445570872226,0.6311475409836066,Fear,34,Fear,Fear -> Fear
2025-04-02,202212.740938,964,10,3448172.76,0.061147606951235535,0.9346473029045643,Fear,44,Fear,Fear -> Fear
2025-04-03,-2365.961276,634,9,2932060.65,-0.002403571780341067,0.9684542586750788,Fear,25,Fear,Fear -> Fear
2025-04-04,-25515.678949999998,689,10,2316952.45,0.00018129671402059748,0.8867924528301887,Fear,28,Fear,Fear -> Fear
2025-04-05,35907.33771,215,8,916176.93,0.033573998452748825,0.9441860465116279,Fear,30,Fear,Fear -> Fear
2025-04-06,47053.449272,346,10,1239463.11,0.03365130605731593,0.8641618497109826,Fear,34,Fear,Fear -> Fear
2025-04-07,34527.370305,1263,15,6042746.74,-0.006445129476492614,0.6254948535233571,Extreme Fear,23,Fear,Fear -> Extreme Fear
2025-04-08,34899.394798,461,14,4701970.83,0.012396173381678215,0.8806941431670282,Extreme Fear,24,Extreme Fear,Extreme Fear -> Extreme Fear
2025-04-09,43120.444797,2224,18,14116594.12,-0.012682061685495696,0.5013489208633094,Extreme Fear,18,Extreme Fear,Extreme Fear -> Extreme Fear
2025-04-10,158261.822261,1331,16,15571701.15,0.02145605623071556,0.3456048084147258,Fear,39,Extreme Fear,Extreme Fear -> Fear
2025-04-11,126406.479081,453,12,5621181.49,0.022681054171995865,0.5960264900662252,Fear,25,Fear,Fear -> Fear
2025-04-12,410419.694533,721,14,27565642.48,0.03554467751791888,0.4840499306518724,Fear,43,Fear,Fear -> Fear
2025-04-13,48696.021521,566,13,4990862.33,0.005593606476708738,0.37985865724381623,Neutral,45,Fear,Fear -> Neutral
2025-04-14,45680.443063,418,13,6825979.95,0.02351245448604563,0.6196172248803827,Fear,31,Neutral,Neutral -> Fear
2025-04-15,72357.706282,652,10,11641097.95,0.017161629221000747,0.6625766871165644,Fear,38,Fear,Fear -> Fear
2025-04-16,58631.730257,807,14,16756507.379999999,0.016081115109373937,0.6617100371747212,Fear,29,Fear,Fear -> Fear
2025-04-17,5427.919886,369,8,917380.12,0.00798138139540683,0.23035230352303523,Fear,30,Fear,Fear -> Fear
2025-04-18,4880.4047439999995,992,7,12769897.7,0.004168167929824942,0.5020161290322581,Fear,33,Fear,Fear -> Fear
2025-04-19,71950.577495,1022,9,18881373.13,0.003835166968343944,0.4657534246575342,Fear,32,Fear,Fear -> Fear
2025-04-20,25060.341936,962,9,2122954.36,0.021272064008969513,0.25571725571725573,Fear,37,Fear,Fear -> Fear
2025-04-21,34369.267906999994,852,11,20374445.79,0.00593091394391614,0.6713615023474179,Fear,39,Fear,Fear -> Fear
2025-04-22,58652.763578,1288,10,20008591.82,0.009351810578580694,0.1545031055900621,Neutral,47,Fear,Fear -> Neutral
2025-04-23,-419020.225731,4139,16,18548871.69,-0.01128015080290405,0.20125634211162116,Greed,72,Neutral,Neutral -> Greed
2025-04-24,50704.395965,1186,14,17131888.65,0.005148265616701427,0.6956155143338955,Greed,63,Greed,Greed -> Greed
2025-04-25,20218.859206,730,11,13505466.69,0.010213538857517959,0.40821917808219177,Greed,60,Greed,Greed -> Greed
2025-04-26,-4125.753942,552,9,650805.99,-0.02023113207326766,0.6231884057971014,Greed,65,Greed,Greed -> Greed
2025-04-27,2702.067468,163,8,226138.01,0.018518212328116443,0.7791411042944786,Greed,61,Greed,Greed -> Greed
2025-04-28,36906.813759,722,7,19511513.52,0.0015457132134423894,0.778393351800554,Neutral,54,Greed,Greed -> Neutral
2025-04-29,125749.613427,1034,6,17581528.75,0.0039726088014502186,0.5502901353965184,Greed,60,Neutral,Neutral -> Greed
2025-04-30,14003.797269,329,7,1124267.81,0.014989254639927783,0.723404255319149,Greed,56,Greed,Greed -> Greed
2025-05-01,54536.829297000004,674,11,8220395.08,0.0484633910148096,0.6513353115727003,Neutral,53,Greed,Greed -> Neutral
